index,accuracy,f1-score,precision,recall,kappa,time_consumed
3,tensor(0.9634),0.9604687760001902,0.9628482084491321,0.9582601586628716,0.9209436409205177,17.106489896774292
